kab,kec,sumber,perkapita,x0,art,lap_usaha,status_usaha
1,30,ssd,559099.3904,1,4,,
1,30,ssd,566413.622,1,5,,
1,30,ssd,625677.4591,1,2,,
1,30,ssd,762715.7749,1,3,,
1,30,ssd,762586.875,1,3,,
1,30,ssd,490860.7784,1,3,,
1,30,ssd,620963.1108,1,2,,
1,30,ssd,495799.7549,1,4,,
1,30,ssd,459840.4883,1,5,,
1,30,ssd,602583.4128,1,2,,
1,30,ssn,518672.64,1,2,1,2
1,30,ssn,426969.8567,1,3,1,2
1,30,ssn,496800.0067,1,3,1,4
1,30,ssn,285585.234,1,5,1,4
1,30,ssn,251761.115,1,6,1,2
1,30,ssn,341858.335,1,4,1,4
1,30,ssn,620170.64,1,3,1,2
1,30,ssn,663888.1,1,1,9,4
1,30,ssn,551036.53,1,3,1,2
1,30,ssn,355768.2567,1,3,1,4
1,30,ssd,536018.4233,1,5,,
1,30,ssd,502990.6974,1,4,,
1,30,ssd,648562.9873,1,3,,
1,30,ssd,634546.0042,1,4,,
1,30,ssd,529344.0856,1,7,,
1,30,ssd,769635.6498,1,4,,
1,30,ssd,609086.8244,1,5,,
1,30,ssd,606328.1622,1,4,,
1,30,ssd,485144.4192,1,5,,
1,30,ssd,610340.1905,1,3,,
1,30,ssn,480717.86,1,2,1,4
1,30,ssn,336823.805,1,4,1,2
1,30,ssn,449412.8125,1,4,6,1
1,30,ssn,550146.4475,1,4,9,4
1,30,ssn,344019.65,1,4,1,4
1,30,ssn,315613.114,1,5,1,4
1,30,ssn,343214.585,1,4,1,1
1,30,ssn,598890.49,1,1,1,1
1,30,ssn,520658.35,1,2,1,4
1,30,ssn,869909.5767,1,3,3,4
1,30,ssd,503110.12,1,4,,
1,30,ssd,468156.847,1,5,,
1,30,ssd,729929.5477,1,3,,
1,30,ssd,523449.866,1,3,,
1,30,ssd,494668.0829,1,4,,
1,30,ssd,966995.6209,1,4,,
1,30,ssd,499076.5631,1,7,,
1,30,ssd,539303.6825,1,4,,
1,30,ssd,633104.4045,1,3,,
1,30,ssd,513414.5802,1,4,,
1,30,ssd,776318.5728,1,3,,
1,30,ssd,666199.6144,1,3,,
1,30,ssd,565596.5437,1,3,,
1,30,ssd,571271.9584,1,2,,
1,30,ssd,780752.372,1,3,,
1,30,ssd,647323.2698,1,3,,
1,30,ssd,588537.0477,1,3,,
1,30,ssd,720330.2521,1,3,,
1,30,ssd,572170.4714,1,3,,
1,30,ssd,497005.3541,1,4,,
1,30,ssd,698364.0864,1,3,,
1,30,ssd,753669.9948,1,1,,
1,30,ssd,529599.1773,1,4,,
1,30,ssd,506641.6154,1,8,,
1,30,ssd,584357.2586,1,4,,
1,30,ssd,746277.1661,1,1,,
1,30,ssd,547427.2578,1,4,,
1,30,ssd,598082.3197,1,4,,
1,30,ssd,566068.5486,1,4,,
1,30,ssd,539915.0121,1,3,,
1,30,ssd,665524.7831,1,2,,
1,30,ssd,494709.5976,1,5,,
1,30,ssd,546511.6842,1,3,,
1,30,ssd,818958.1089,1,3,,
1,30,ssd,591778.5147,1,2,,
1,30,ssd,562130.4469,1,4,,
1,30,ssd,521002.6497,1,6,,
1,30,ssd,745566.3201,1,2,,
1,30,ssd,622650.1931,1,3,,
1,30,ssd,816167.7868,1,1,,
1,30,ssd,606976.457,1,4,,
1,30,ssd,996586.8197,1,2,,
1,30,ssd,764110.936,1,1,,
1,30,ssd,582074.0118,1,4,,
1,30,ssd,673349.802,1,3,,
1,30,ssd,836321.7667,1,5,,
1,30,ssd,605500.7336,1,2,,
1,30,ssd,779749.6048,1,1,,
1,30,ssd,632416.3013,1,4,,
1,30,ssd,580535.7372,1,4,,
1,30,ssd,929664.7033,1,5,,
1,30,ssd,568667.4101,1,2,,
1,30,ssd,486015.6354,1,2,,
1,30,ssd,551857.2658,1,4,,
1,30,ssd,562923.7541,1,4,,
1,30,ssd,645100.6833,1,4,,
1,30,ssd,540975.5982,1,4,,
1,30,ssd,665839.4487,1,3,,
1,30,ssd,659781.1247,1,4,,
1,30,ssd,668783.3108,1,4,,
1,30,ssn,583158.7433,1,3,1,2
1,30,ssn,542130.93,1,3,1,2
1,30,ssn,558039.8925,1,4,1,4
1,30,ssn,522915.0967,1,3,1,2
1,30,ssn,353455.0625,1,4,1,4
1,30,ssn,546855.5367,1,3,1,2
1,30,ssn,485885.1175,1,4,1,2
1,30,ssn,611199.99,1,4,1,1
1,30,ssn,361775.942,1,5,1,4
1,30,ssn,245142.8625,1,4,1,4
1,30,ssd,443430.1244,1,4,,
1,30,ssd,622483.3805,1,3,,
1,30,ssd,463905.4039,1,4,,
1,30,ssd,533428.282,1,3,,
1,30,ssd,667566.3401,1,2,,
1,30,ssd,561441.4003,1,3,,
1,30,ssd,547839.5498,1,4,,
1,30,ssd,613470.7697,1,2,,
1,30,ssd,413181.5326,1,5,,
1,30,ssd,574852.361,1,5,,
1,31,ssd,1383174.66,1,2,,
1,31,ssd,489006.8859,1,4,,
1,31,ssd,476467.5211,1,2,,
1,31,ssd,379195.0128,1,7,,
1,31,ssd,353135.3068,1,4,,
1,31,ssd,256685.3558,1,7,,
1,31,ssd,368780.0676,1,7,,
1,31,ssd,423260.0356,1,3,,
1,31,ssd,551959.6324,1,1,,
1,31,ssd,445787.2985,1,4,,
1,31,ssd,241184.7967,1,7,,
1,31,ssd,271568.7614,1,6,,
1,31,ssd,543915.6666,1,4,,
1,31,ssd,314934.3115,1,5,,
1,31,ssd,298704.2179,1,6,,
1,31,ssd,258089.1797,1,4,,
1,31,ssd,694129.3248,1,1,,
1,31,ssd,478819.9541,1,3,,
1,31,ssd,363408.4898,1,5,,
1,31,ssd,733453.461,1,4,,
1,31,ssd,429125.0113,1,4,,
1,31,ssd,680310.431,1,2,,
1,31,ssd,448545.3908,1,4,,
1,31,ssd,682490.3654,1,3,,
1,31,ssd,489329.1381,1,3,,
1,31,ssd,329810.9479,1,5,,
1,31,ssd,296639.1016,1,7,,
1,31,ssd,455113.6332,1,2,,
1,31,ssd,473929.3175,1,3,,
1,31,ssd,423796.4896,1,4,,
1,31,ssd,324283.3904,1,5,,
1,31,ssd,530668.2933,1,3,,
1,31,ssd,352239.6425,1,1,,
1,31,ssd,264909.5342,1,6,,
1,31,ssd,328070.7909,1,8,,
1,31,ssd,437143.3825,1,2,,
1,31,ssd,621732.7223,1,3,,
1,31,ssd,668563.1499,1,7,,
1,31,ssd,169312.7343,1,10,,
1,31,ssd,376937.3593,1,4,,
1,31,ssd,467852.0348,1,4,,
1,31,ssd,547523.9328,1,4,,
1,31,ssd,323824.6562,1,6,,
1,31,ssd,406605.3325,1,2,,
1,31,ssd,401449.3103,1,3,,
1,31,ssd,282728.1358,1,3,,
1,31,ssd,176446.8097,1,8,,
1,31,ssd,448460.0905,1,3,,
1,31,ssd,236286.0346,1,6,,
1,31,ssd,378057.655,1,4,,
1,31,ssd,327342.8818,1,4,,
1,31,ssd,318403.2517,1,5,,
1,31,ssd,428513.6801,1,4,,
1,31,ssd,361770.6947,1,5,,
1,31,ssd,414716.9645,1,5,,
1,31,ssd,346336.7524,1,5,,
1,31,ssd,311367.5575,1,5,,
1,31,ssd,423307.4256,1,2,,
1,31,ssd,339589.948,1,5,,
1,31,ssd,562810.0209,1,1,,
1,31,ssd,690563.7068,1,2,,
1,31,ssd,425201.128,1,4,,
1,31,ssd,337729.2301,1,5,,
1,31,ssd,535771.2377,1,3,,
1,31,ssd,469558.0734,1,3,,
1,31,ssd,593359.4447,1,2,,
1,31,ssd,353220.6103,1,4,,
1,31,ssd,321741.3936,1,2,,
1,31,ssd,374304.3754,1,5,,
1,31,ssd,419309.615,1,4,,
1,31,ssn,441325.246,1,5,5,4
1,31,ssn,406548.078,1,5,1,2
1,31,ssn,1196847.773,1,4,1,4
1,31,ssn,1110116.855,1,2,9,4
1,31,ssn,366655.9433,1,3,1,2
1,31,ssn,422236.62,1,4,1,1
1,31,ssn,362591.9525,1,4,5,4
1,31,ssn,338126.1875,1,4,1,2
1,31,ssn,640993.6633,1,3,1,2
1,31,ssn,576669.0367,1,3,1,2
1,31,ssd,413213.3774,1,5,,
1,31,ssd,385350.9618,1,4,,
1,31,ssd,309372.6316,1,5,,
1,31,ssd,348563.1311,1,4,,
1,31,ssd,641708.5122,1,2,,
1,31,ssd,483668.8884,1,3,,
1,31,ssd,318444.954,1,6,,
1,31,ssd,512512.2768,1,3,,
1,31,ssd,509064.1865,1,2,,
1,31,ssd,475623.9775,1,3,,
1,31,ssd,779374.2741,1,2,,
1,31,ssd,517708.1049,1,4,,
1,31,ssd,419571.2069,1,3,,
1,31,ssd,402510.8445,1,4,,
1,31,ssd,329472.5847,1,4,,
1,31,ssd,338742.9969,1,3,,
1,31,ssd,683752.8304,1,3,,
1,31,ssd,504304.3478,1,2,,
1,31,ssd,696294.0957,1,3,,
1,31,ssd,553286.5443,1,3,,
1,31,ssn,443522.63,1,6,9,4
1,31,ssn,1269175.183,1,3,6,1
1,31,ssn,277978.16,1,6,9,5
1,31,ssn,647473.825,1,2,6,2
1,31,ssn,485416.07,1,4,1,2
1,31,ssn,336954.46,1,4,1,1
1,31,ssn,521230.975,1,4,1,1
1,31,ssn,969728.2525,1,4,1,2
1,31,ssn,542595.215,1,2,2,3
1,31,ssn,269378.185,1,6,1,1
1,32,ssd,593063.7306,1,2,,
1,32,ssd,438212.4985,1,4,,
1,32,ssd,455966.6493,1,2,,
1,32,ssd,574917.1907,1,4,,
1,32,ssd,384435.9567,1,5,,
1,32,ssd,384019.6841,1,5,,
1,32,ssd,654776.7541,1,2,,
1,32,ssd,463584.1023,1,4,,
1,32,ssd,413025.713,1,4,,
1,32,ssd,524200.5211,1,3,,
1,32,ssd,614506.7125,1,3,,
1,32,ssd,629026.978,1,3,,
1,32,ssd,500758.6327,1,4,,
1,32,ssd,653673.5143,1,3,,
1,32,ssd,518202.8566,1,3,,
1,32,ssd,519943.0119,1,2,,
1,32,ssd,568322.4127,1,3,,
1,32,ssd,469929.6081,1,3,,
1,32,ssd,443177.0632,1,4,,
1,32,ssd,707546.3521,1,3,,
1,32,ssn,336773.0133,1,3,9,2
1,32,ssn,359984.062,1,5,1,2
1,32,ssn,433459.4333,1,3,9,5
1,32,ssn,568297.0075,1,4,1,4
1,32,ssn,237984.1133,1,3,0,0
1,32,ssn,1995015.21,1,3,9,4
1,32,ssn,450351.6,1,3,1,2
1,32,ssn,472733.33,1,3,9,4
1,32,ssn,888703.9275,1,4,1,1
1,32,ssn,330685.952,1,5,5,5
1,32,ssd,563540.7722,1,4,,
1,32,ssd,673061.672,1,3,,
1,32,ssd,377832.4594,1,5,,
1,32,ssd,751338.4082,1,1,,
1,32,ssd,564217.4992,1,4,,
1,32,ssd,621833.1901,1,4,,
1,32,ssd,1142987.49,1,2,,
1,32,ssd,728352.413,1,4,,
1,32,ssd,515217.2922,1,4,,
1,32,ssd,527003.1604,1,4,,
1,32,ssd,617092.3061,1,3,,
1,32,ssd,863030.7124,1,3,,
1,32,ssd,893081.5949,1,2,,
1,32,ssd,639270.7764,1,3,,
1,32,ssd,831014.0982,1,3,,
1,32,ssd,593288.3596,1,4,,
1,32,ssd,463350.3742,1,5,,
1,32,ssd,583843.5506,1,3,,
1,32,ssd,540756.656,1,4,,
1,32,ssd,699683.4189,1,3,,
1,32,ssn,2068563.847,1,3,9,4
1,32,ssn,654372.2267,1,3,1,2
1,32,ssn,429350.59,1,4,0,0
1,32,ssn,629036.4933,1,3,1,1
1,32,ssn,592226.21,1,3,1,1
1,32,ssn,251010.956,1,5,9,4
1,32,ssn,836316.7067,1,3,1,2
1,32,ssn,620852.39,1,1,0,0
1,32,ssn,303930.955,1,4,5,4
1,32,ssn,1710778.93,1,4,7,3
1,32,ssd,396872.3927,1,4,,
1,32,ssd,862628.8508,1,1,,
1,32,ssd,533579.9295,1,6,,
1,32,ssd,700729.7897,1,3,,
1,32,ssd,512530.2849,1,4,,
1,32,ssd,595850.2574,1,4,,
1,32,ssd,614703.8536,1,6,,
1,32,ssd,355396.9434,1,5,,
1,32,ssd,505734.5737,1,4,,
1,32,ssd,532283.3399,1,2,,
1,32,ssd,344818.3817,1,2,,
1,32,ssd,522965.5391,1,4,,
1,32,ssd,623260.5737,1,4,,
1,32,ssd,521868.9376,1,3,,
1,32,ssd,1211778.666,1,3,,
1,32,ssd,449989.8352,1,4,,
1,32,ssd,309958.3724,1,4,,
1,32,ssd,636647.2733,1,3,,
1,32,ssd,790781.9693,1,2,,
1,32,ssd,604240.1633,1,3,,
1,32,ssd,1323740.903,1,5,,
1,32,ssd,498151.2421,1,4,,
1,32,ssd,628535.0686,1,4,,
1,32,ssd,867422.8109,1,2,,
1,32,ssd,656471.4157,1,3,,
1,32,ssd,462458.6853,1,5,,
1,32,ssd,543543.1829,1,4,,
1,32,ssd,706139.8189,1,3,,
1,32,ssd,533480.41,1,4,,
1,32,ssd,567109.2301,1,4,,
1,32,ssd,559560.0199,1,4,,
1,32,ssd,748495.0147,1,2,,
1,32,ssd,582457.8717,1,4,,
1,32,ssd,799786.0518,1,3,,
1,32,ssd,533002.7198,1,4,,
1,32,ssd,700509.8994,1,3,,
1,32,ssd,745321.7889,1,3,,
1,32,ssd,972543.0823,1,2,,
1,32,ssd,614574.0047,1,4,,
1,32,ssd,580254.2415,1,4,,
1,32,ssd,389914.6083,1,4,,
1,32,ssd,484248.9412,1,3,,
1,32,ssd,606664.632,1,6,,
1,32,ssd,494650.4538,1,5,,
1,32,ssd,574638.5373,1,3,,
1,32,ssd,504250.7271,1,7,,
1,32,ssd,1293446.246,1,5,,
1,32,ssd,466970.5841,1,4,,
1,32,ssd,475219.2689,1,4,,
1,32,ssd,748676.9924,1,3,,
1,32,ssn,353553.098,1,5,1,4
1,32,ssn,372787.9067,1,6,1,2
1,32,ssn,954228.728,1,5,6,3
1,32,ssn,231392.8383,1,6,1,2
1,32,ssn,253825.718,1,5,1,4
1,32,ssn,1299757.397,1,3,1,2
1,32,ssn,773991.92,1,4,6,1
1,32,ssn,371069.05,1,1,0,0
1,32,ssn,263732.392,1,5,1,1
1,32,ssn,483264.29,1,1,1,1
1,40,ssd,364811.2315,1,6,,
1,40,ssd,422182.5799,1,5,,
1,40,ssd,407333.2415,1,2,,
1,40,ssd,399883.5485,1,4,,
1,40,ssd,366792.1299,1,4,,
1,40,ssd,368674.4561,1,4,,
1,40,ssd,389516.5348,1,2,,
1,40,ssd,546982.5517,1,5,,
1,40,ssd,516232.3838,1,4,,
1,40,ssd,346342.4402,1,4,,
1,40,ssn,599066.0825,1,4,1,4
1,40,ssn,498521.91,1,5,1,4
1,40,ssn,368213.9975,1,4,1,1
1,40,ssn,856634,1,3,1,4
1,40,ssn,1513246.23,1,3,9,4
1,40,ssn,1301229.115,1,2,0,0
1,40,ssn,581806.5575,1,4,0,0
1,40,ssn,708619.04,1,3,6,4
1,40,ssn,2846541.633,1,3,9,4
1,40,ssd,2116394.963,1,2,,
1,40,ssd,1670914.75,1,1,,
1,40,ssd,539562.429,1,3,,
1,40,ssd,452042.7668,1,3,,
1,40,ssd,373960.3248,1,4,,
1,40,ssd,530543.1862,1,1,,
1,40,ssd,642857.2456,1,3,,
1,40,ssd,376812.2498,1,4,,
1,40,ssd,820110.632,1,3,,
1,40,ssd,728054.4246,1,5,,
1,40,ssn,298813.7,1,4,1,4
1,40,ssn,348824.695,1,4,1,4
1,40,ssn,298985.7233,1,3,0,0
1,40,ssn,305520.54,1,4,1,4
1,40,ssn,406938.07,1,1,0,0
1,40,ssn,331628.5725,1,4,1,4
1,40,ssn,405230.93,1,3,1,4
1,40,ssn,1220697.3,1,2,9,4
1,40,ssn,608109.515,1,2,1,1
1,40,ssn,1194400.863,1,4,1,3
1,40,ssd,416358.1728,1,4,,
1,40,ssd,447663.9386,1,6,,
1,40,ssd,436688.4399,1,2,,
1,40,ssd,811967.1514,1,3,,
1,40,ssd,453957.3172,1,3,,
1,40,ssd,547705.9065,1,1,,
1,40,ssd,433822.2964,1,4,,
1,40,ssd,446473.5044,1,3,,
1,40,ssd,463515.8595,1,4,,
1,40,ssd,445548.4542,1,3,,
1,40,ssn,634179.38,1,3,0,0
1,40,ssn,790724.6,1,3,6,1
1,40,ssn,439944.6575,1,4,3,1
1,40,ssn,565894.4567,1,3,5,5
1,40,ssn,468135.425,1,4,5,4
1,40,ssn,706358.3475,1,4,6,2
1,40,ssn,550612.5025,1,4,5,4
1,40,ssn,683568.27,1,3,9,1
1,40,ssn,727254.74,1,1,0,0
1,40,ssn,548177.98,1,4,1,1
1,40,ssn,783904.76,1,3,9,5
1,40,ssn,602996.4375,1,4,3,2
1,40,ssn,837502.3767,1,3,5,4
1,40,ssn,907378.9617,1,6,1,2
1,40,ssn,1033645.36,1,1,1,2
1,40,ssn,1058724.613,1,4,9,4
1,40,ssn,1391118.51,1,5,6,3
1,40,ssn,1649675.43,1,2,0,0
1,40,ssn,834696.8167,1,3,1,1
1,40,ssn,322213.095,1,4,1,2
1,40,ssd,411095.0493,1,4,,
1,40,ssd,411590.7492,1,3,,
1,40,ssd,680060.2121,1,2,,
1,40,ssd,613145.6744,1,3,,
1,40,ssd,408971.0341,1,6,,
1,40,ssd,424526.2935,1,3,,
1,40,ssd,455341.1029,1,3,,
1,40,ssd,390187.5748,1,4,,
1,40,ssd,468531.6064,1,4,,
1,40,ssd,511319.5672,1,5,,
1,40,ssd,511500.9748,1,4,,
1,40,ssd,481814.9951,1,3,,
1,40,ssd,734539.6401,1,2,,
1,40,ssd,520079.4975,1,2,,
1,40,ssd,383272.441,1,4,,
1,40,ssd,478586.4171,1,5,,
1,40,ssd,484173.1175,1,2,,
1,40,ssd,458195.8717,1,2,,
1,40,ssd,422869.5429,1,3,,
1,40,ssd,441920.2827,1,3,,
1,40,ssn,554877.7967,1,6,6,1
1,40,ssn,1237500.955,1,2,1,1
1,40,ssn,1015093.565,1,2,1,1
1,40,ssn,937953.9133,1,3,1,1
1,40,ssn,916747.7167,1,3,5,4
1,40,ssn,1192241.524,1,5,3,1
1,40,ssn,752830.9667,1,3,3,4
1,40,ssn,901080.975,1,4,3,4
1,40,ssn,771424.6067,1,3,3,4
1,40,ssn,665977.38,1,4,9,1
1,40,ssd,434004.2749,1,2,,
1,40,ssd,309531.862,1,2,,
1,40,ssd,488392.7125,1,2,,
1,40,ssd,446564.4917,1,3,,
1,40,ssd,415249.2461,1,2,,
1,40,ssd,430123.0422,1,4,,
1,40,ssd,401202.881,1,4,,
1,40,ssd,516457.0104,1,2,,
1,40,ssd,448221.2454,1,3,,
1,40,ssd,418809.1764,1,3,,
1,40,ssn,772942.86,1,2,1,3
1,40,ssn,445215.4975,1,4,1,1
1,40,ssn,363322.31,1,4,5,4
1,40,ssn,303194.05,1,3,1,4
1,40,ssn,465784.93,1,3,0,1
1,40,ssn,319779.22,1,3,5,4
1,40,ssn,270558.7367,1,3,1,4
1,40,ssn,287867.8525,1,4,1,1
1,40,ssn,244298.83,1,3,1,1
1,40,ssn,300376.47,1,4,5,4
1,40,ssd,495622.5151,1,3,,
1,40,ssd,943051.4007,1,4,,
1,40,ssd,390710.7578,1,4,,
1,40,ssd,412519.5891,1,3,,
1,40,ssd,265813.7332,1,6,,
1,40,ssd,509968.3871,1,4,,
1,40,ssd,443239.6168,1,4,,
1,40,ssd,379749.476,1,4,,
1,40,ssd,1091152.417,1,4,,
1,40,ssd,234864.337,1,4,,
1,40,ssn,477634.12,1,3,1,4
1,40,ssn,286676.78,1,4,1,4
1,40,ssn,1259273.15,1,2,9,4
1,40,ssn,323487.38,1,3,3,1
1,40,ssn,505098.795,1,2,1,1
1,40,ssn,245348.58,1,5,1,1
1,40,ssn,235105.93,1,2,0,0
1,40,ssn,568651.17,1,2,1,1
1,40,ssn,439303.822,1,5,9,4
1,40,ssn,353235.956,1,5,1,1
1,40,ssd,1632619.921,1,4,,
1,40,ssd,404813.9943,1,2,,
1,40,ssd,569531.8032,1,3,,
1,40,ssd,587968.3671,1,3,,
1,40,ssd,386189.7618,1,6,,
1,40,ssd,479350.7214,1,5,,
1,40,ssd,616436.4279,1,5,,
1,40,ssd,619245.7048,1,1,,
1,40,ssd,466117.5656,1,4,,
1,40,ssd,509259.4328,1,3,,
1,40,ssn,1011695.183,1,4,0,0
1,40,ssn,461262.4983,1,6,6,1
1,40,ssn,681473.2633,1,3,9,4
1,40,ssn,2241960.32,1,1,0,0
1,40,ssn,880152.3625,1,4,9,4
1,40,ssn,557384.762,1,5,9,4
1,40,ssn,362118.572,1,5,6,4
1,40,ssn,409123.0033,1,3,9,4
1,40,ssn,431480.645,1,4,9,2
1,40,ssn,751155.7675,1,4,6,2
1,40,ssn,326154.7567,1,6,6,1
1,40,ssn,358194.64,1,4,1,2
1,40,ssn,530829.1825,1,4,6,1
1,40,ssn,882283.32,1,5,6,3
1,40,ssn,1053649.2,1,3,6,2
1,40,ssn,3431309.283,1,3,6,3
1,40,ssn,1332681.125,1,4,0,0
1,40,ssn,328234.9167,1,6,1,5
1,40,ssn,670921.7725,1,4,0,0
1,41,ssd,300338.2225,1,6,,
1,41,ssd,579779.396,1,2,,
1,41,ssd,629368.1842,1,2,,
1,41,ssd,405263.2476,1,2,,
1,41,ssd,836367.26,1,2,,
1,41,ssd,1072732.911,1,3,,
1,41,ssd,561263.2123,1,4,,
1,41,ssd,596771.5188,1,1,,
1,41,ssd,984633.1962,1,1,,
1,41,ssd,533731.5771,1,3,,
1,41,ssd,718511.4269,1,4,,
1,41,ssd,502734.7932,1,3,,
1,41,ssd,443580.8261,1,5,,
1,41,ssd,712611.3847,1,4,,
1,41,ssd,376328.8703,1,2,,
1,41,ssd,610917.401,1,4,,
1,41,ssd,480064.4135,1,4,,
1,41,ssd,532766.7193,1,4,,
1,41,ssd,464458.9186,1,6,,
1,41,ssd,391975.1217,1,3,,
1,41,ssd,412751.6115,1,5,,
1,41,ssd,461559.606,1,4,,
1,41,ssd,513877.1045,1,3,,
1,41,ssd,525902.7653,1,6,,
1,41,ssd,513190.8994,1,3,,
1,41,ssd,390015.8328,1,5,,
1,41,ssd,808638.4852,1,3,,
1,41,ssd,383949.168,1,4,,
1,41,ssd,585485.1393,1,3,,
1,41,ssd,444289.7788,1,3,,
1,41,ssn,556413.824,1,5,1,2
1,41,ssn,684169.81,1,3,0,0
1,41,ssn,272279.1525,1,4,1,4
1,41,ssn,272105.244,1,5,1,2
1,41,ssn,279732.73,1,4,1,2
1,41,ssn,598233.3433,1,3,1,1
1,41,ssn,343550.605,1,4,1,2
1,41,ssn,278582.846,1,5,1,2
1,41,ssn,211081.7367,1,3,6,1
1,41,ssn,435373.826,1,5,9,4
1,41,ssd,525115.1449,1,4,,
1,41,ssd,873566.4368,1,3,,
1,41,ssd,386724.321,1,2,,
1,41,ssd,514153.8623,1,3,,
1,41,ssd,489137.6846,1,2,,
1,41,ssd,603693.4749,1,5,,
1,41,ssd,541677.915,1,2,,
1,41,ssd,459600.5054,1,4,,
1,41,ssd,483320.0966,1,2,,
1,41,ssd,520011.2547,1,3,,
1,41,ssd,383244.0065,1,4,,
1,41,ssd,1166724.142,1,3,,
1,41,ssd,609145.9682,1,2,,
1,41,ssd,238822.3417,1,6,,
1,41,ssd,680281.9965,1,4,,
1,41,ssd,364574.2812,1,4,,
1,41,ssd,396664.8253,1,5,,
1,41,ssd,599478.4266,1,4,,
1,41,ssd,1377612.98,1,5,,
1,41,ssn,251087.3067,1,3,1,3
1,41,ssn,431483.33,1,3,1,2
1,41,ssn,533336.33,1,4,3,1
1,41,ssn,470403.5675,1,4,1,2
1,41,ssn,325237.6967,1,3,1,2
1,41,ssn,221443.6367,1,3,0,4
1,41,ssn,255081.432,1,5,7,4
1,41,ssn,286478.092,1,5,0,0
1,41,ssn,274232.725,1,4,1,2
1,41,ssn,617496.668,1,5,0,4
1,41,ssd,636886.1176,1,4,,
1,41,ssd,414688.1528,1,3,,
1,41,ssd,392271.7824,1,4,,
1,41,ssd,377056.781,1,3,,
1,41,ssd,388657.8293,1,2,,
1,41,ssd,571923.0955,1,4,,
1,41,ssd,969392.6025,1,3,,
1,41,ssd,397079.961,1,4,,
1,41,ssd,608782.0129,1,3,,
1,41,ssd,546792.2348,1,3,,
1,41,ssn,465614.2967,1,3,1,2
1,41,ssn,364016.655,1,2,1,2
1,41,ssn,260017.0733,1,6,1,2
1,41,ssn,361688.68,1,4,3,3
1,41,ssn,479709.5167,1,3,1,2
1,41,ssn,665090.4775,1,4,1,3
1,41,ssn,452002.4,1,1,1,1
1,41,ssn,437232.9467,1,3,1,4
1,41,ssn,635263.82,1,5,9,4
1,41,ssn,283901.78,1,4,1,2
1,41,ssd,699062.6128,1,4,,
1,41,ssd,565676.1588,1,3,,
1,41,ssd,453180.1217,1,3,,
1,41,ssd,407606.2032,1,2,,
1,41,ssd,501136.8057,1,4,,
1,41,ssd,369646.8971,1,4,,
1,41,ssd,323418.9985,1,2,,
1,41,ssd,465038.9714,1,3,,
1,41,ssd,783818.4981,1,4,,
1,41,ssd,523497.2537,1,4,,
1,41,ssd,373380.2728,1,4,,
1,41,ssd,492703.2995,1,3,,
1,41,ssd,565501.7668,1,3,,
1,41,ssd,505199.0663,1,3,,
1,41,ssd,248228.2906,1,2,,
1,41,ssd,284720.4048,1,2,,
1,41,ssd,501546.2531,1,4,,
1,41,ssd,385902.5793,1,4,,
1,41,ssd,393426.1996,1,4,,
1,41,ssd,351926.8653,1,2,,
1,41,ssd,738128.0009,1,4,,
1,41,ssd,485575.8563,1,3,,
1,41,ssd,521656.6298,1,3,,
1,41,ssd,371821.1438,1,3,,
1,41,ssd,279582.3931,1,4,,
1,41,ssd,399371.737,1,3,,
1,41,ssd,427416.1296,1,4,,
1,41,ssd,413547.0019,1,3,,
1,41,ssd,371013.6213,1,3,,
1,41,ssd,378137.2716,1,1,,
1,50,ssd,831790.5352,1,5,,
1,50,ssd,809028.2199,1,3,,
1,50,ssd,662473.8189,1,4,,
1,50,ssd,897164.7106,1,3,,
1,50,ssd,1067205.354,1,1,,
1,50,ssd,622230.5542,1,4,,
1,50,ssd,585520.7743,1,5,,
1,50,ssd,664520.1162,1,3,,
1,50,ssd,739140.1691,1,1,,
1,50,ssd,861173.0326,1,1,,
1,50,ssd,1268968.795,1,6,,
1,50,ssd,538720.7867,1,3,,
1,50,ssd,469785.5431,1,4,,
1,50,ssd,645889.1147,1,7,,
1,50,ssd,654520.8459,1,4,,
1,50,ssd,1013802.624,1,3,,
1,50,ssd,968061.8946,1,4,,
1,50,ssd,581104.4154,1,4,,
1,50,ssd,621747.8889,1,4,,
1,50,ssd,979833.5444,1,4,,
1,50,ssd,408193.8402,1,6,,
1,50,ssd,551953.9407,1,4,,
1,50,ssd,541166.1043,1,5,,
1,50,ssd,666008.1578,1,4,,
1,50,ssd,345214.5604,1,6,,
1,50,ssd,678206.318,1,4,,
1,50,ssd,1190688.265,1,2,,
1,50,ssd,582728.9402,1,3,,
1,50,ssd,611215.9564,1,5,,
1,50,ssd,551425.0708,1,4,,
1,50,ssn,577517.85,1,2,1,2
1,50,ssn,388103.1867,1,3,1,5
1,50,ssn,416050.79,1,3,1,4
1,50,ssn,252690.4775,1,4,1,4
1,50,ssn,604217.4733,1,3,1,1
1,50,ssn,591752.3967,1,3,1,4
1,50,ssn,724026.19,1,2,1,2
1,50,ssn,627596.9233,1,3,5,1
1,50,ssn,371023.106,1,5,1,2
1,50,ssn,954081.135,1,2,6,2
1,50,ssd,882805.5715,1,2,,
1,50,ssd,748373.6973,1,3,,
1,50,ssd,639720.9819,1,4,,
1,50,ssd,595323.28,1,3,,
1,50,ssd,1885738.849,1,2,,
1,50,ssd,1129373.32,1,1,,
1,50,ssd,901031.7257,1,2,,
1,50,ssd,701180.9394,1,1,,
1,50,ssd,566278.9592,1,2,,
1,50,ssd,444687.854,1,6,,
1,50,ssd,498958.7654,1,2,,
1,50,ssd,435812.6738,1,4,,
1,50,ssd,405649.9502,1,5,,
1,50,ssd,473834.5358,1,4,,
1,50,ssd,993618.3192,1,5,,
1,50,ssd,545795.1489,1,3,,
1,50,ssd,440305.2353,1,4,,
1,50,ssd,469222.5518,1,4,,
1,50,ssd,506351.5894,1,4,,
1,50,ssd,818215.0332,1,1,,
1,50,ssd,542545.1496,1,4,,
1,50,ssd,488470.0543,1,5,,
1,50,ssd,718241.3002,1,1,,
1,50,ssd,596822.6961,1,4,,
1,50,ssd,469059.9088,1,5,,
1,50,ssd,455572.3654,1,6,,
1,50,ssd,1050406.581,1,4,,
1,50,ssd,732742.6126,1,4,,
1,50,ssd,1303721.704,1,4,,
1,50,ssd,572636.7862,1,1,,
1,50,ssd,882313.6653,1,2,,
1,50,ssd,619254.8,1,5,,
1,50,ssd,867746.9571,1,3,,
1,50,ssd,883783.6947,1,1,,
1,50,ssd,701101.3252,1,4,,
1,50,ssd,682661.9159,1,4,,
1,50,ssd,839910.1304,1,2,,
1,50,ssd,721474.2429,1,4,,
1,50,ssd,840026.7083,1,4,,
1,50,ssd,580592.6038,1,4,,
1,50,ssd,566509.2751,1,4,,
1,50,ssd,686076.8346,1,2,,
1,50,ssd,724539.4207,1,4,,
1,50,ssd,563461.1556,1,4,,
1,50,ssd,489592.6248,1,4,,
1,50,ssd,1030328.43,1,3,,
1,50,ssd,573347.6369,1,4,,
1,50,ssd,1046994.512,1,1,,
1,50,ssd,1160260.159,1,3,,
1,50,ssd,389717.8458,1,5,,
1,50,ssd,654731.2589,1,4,,
1,50,ssd,761168.9695,1,3,,
1,50,ssd,551635.4814,1,4,,
1,50,ssd,694970.9695,1,4,,
1,50,ssd,892639.9242,1,3,,
1,50,ssd,732136.0241,1,3,,
1,50,ssd,819113.5493,1,2,,
1,50,ssd,710874.0709,1,4,,
1,50,ssd,609814.1636,1,4,,
1,50,ssd,613270.0242,1,5,,
1,50,ssn,974614.595,1,2,1,2
1,50,ssn,501917.4533,1,3,1,4
1,50,ssn,578854.755,1,2,1,1
1,50,ssn,716221.425,1,2,1,1
1,50,ssn,360471.1375,1,4,1,1
1,50,ssn,286329.52,1,5,3,4
1,50,ssn,449550.01,1,4,1,4
1,50,ssn,494803.18,1,3,1,1
1,50,ssn,907266.5925,1,4,1,1
1,50,ssn,682861.89,1,2,6,1
1,51,ssd,500306.5348,1,4,,
1,51,ssd,654735.0501,1,3,,
1,51,ssd,426662.6307,1,4,,
1,51,ssd,411126.3276,1,6,,
1,51,ssd,530344.147,1,4,,
1,51,ssd,471369.3129,1,4,,
1,51,ssd,487658.3047,1,7,,
1,51,ssd,497481.622,1,8,,
1,51,ssd,478025.6987,1,5,,
1,51,ssd,829710.8766,1,4,,
1,51,ssd,493968.0409,1,5,,
1,51,ssd,686378.2332,1,4,,
1,51,ssd,589930.3099,1,4,,
1,51,ssd,404083.6469,1,7,,
1,51,ssd,483265.5052,1,5,,
1,51,ssd,815104.3625,1,2,,
1,51,ssd,529220.0592,1,6,,
1,51,ssd,490318.6382,1,3,,
1,51,ssd,736282.6384,1,4,,
1,51,ssd,417660.4446,1,2,,
1,51,ssd,694225.9997,1,4,,
1,51,ssd,738584.8415,1,3,,
1,51,ssd,655521.7215,1,4,,
1,51,ssd,505484.9237,1,5,,
1,51,ssd,382459.2298,1,9,,
1,51,ssd,599184.9892,1,5,,
1,51,ssd,704425.2535,1,4,,
1,51,ssd,423288.0906,1,5,,
1,51,ssd,769925.6746,1,4,,
1,51,ssd,543933.6731,1,3,,
1,51,ssn,609885.704,1,5,3,4
1,51,ssn,281825.5825,1,4,1,4
1,51,ssn,275754.272,1,5,1,4
1,51,ssn,285835.1125,1,4,1,4
1,51,ssn,339638.0975,1,4,1,4
1,51,ssn,418657.1329,1,7,3,4
1,51,ssn,1274565.58,1,1,0,0
1,51,ssn,318962.3133,1,6,1,4
1,51,ssn,191097.144,1,5,1,4
1,51,ssn,692152.9925,1,4,3,4
1,51,ssd,505130.0668,1,5,,
1,51,ssd,493891.8364,1,4,,
1,51,ssd,616171.0456,1,3,,
1,51,ssd,500688.6869,1,5,,
1,51,ssd,826034.3676,1,4,,
1,51,ssd,531748.7845,1,5,,
1,51,ssd,433615.2975,1,5,,
1,51,ssd,1346381.138,1,1,,
1,51,ssd,513555.612,1,5,,
1,51,ssd,683995.4668,1,2,,
1,51,ssd,341488.3597,1,7,,
1,51,ssd,765003.7612,1,6,,
1,51,ssd,339887.935,1,5,,
1,51,ssd,446939.8224,1,3,,
1,51,ssd,427655.5451,1,5,,
1,51,ssd,337971.4883,1,4,,
1,51,ssd,428394.826,1,5,,
1,51,ssd,906368.7765,1,4,,
1,51,ssd,456759.0084,1,3,,
1,51,ssd,533117.4044,1,3,,
1,51,ssd,741320.5649,1,5,,
1,51,ssd,884394.0809,1,3,,
1,51,ssd,682516.9034,1,4,,
1,51,ssd,338974.2579,1,6,,
1,51,ssd,589340.7805,1,3,,
1,51,ssd,699778.199,1,3,,
1,51,ssd,629419.3639,1,2,,
1,51,ssd,757383.4628,1,2,,
1,51,ssd,767099.9103,1,5,,
1,51,ssd,694752.0274,1,4,,
1,51,ssd,500926.3951,1,1,,
1,51,ssd,340119.9567,1,5,,
1,51,ssd,455562.8865,1,2,,
1,51,ssd,508927.7032,1,4,,
1,51,ssd,636235.5489,1,5,,
1,51,ssd,346527.8284,1,5,,
1,51,ssd,521236.7569,1,4,,
1,51,ssd,508901.5454,1,5,,
1,51,ssd,449227.8047,1,4,,
1,51,ssd,382629.8331,1,3,,
1,51,ssd,423999.3184,1,3,,
1,51,ssd,350787.6109,1,3,,
1,51,ssd,574213.9249,1,3,,
1,51,ssd,518600.9317,1,2,,
1,51,ssd,401509.969,1,4,,
1,51,ssd,430385.2024,1,5,,
1,51,ssd,477528.1055,1,4,,
1,51,ssd,553506.4338,1,4,,
1,51,ssd,530201.9769,1,2,,
1,51,ssd,367665.4567,1,7,,
1,51,ssd,600191.1722,1,3,,
1,51,ssd,616624.0933,1,4,,
1,51,ssd,711513.8342,1,4,,
1,51,ssd,417626.3256,1,4,,
1,51,ssd,617892.2461,1,5,,
1,51,ssd,398709.794,1,5,,
1,51,ssd,886903.8492,1,3,,
1,51,ssd,313015.0187,1,4,,
1,51,ssd,571178.1282,1,4,,
1,51,ssd,496226.2629,1,4,,
1,60,ssd,695190.8575,1,3,,
1,60,ssd,517735.2839,1,3,,
1,60,ssd,556250.3101,1,4,,
1,60,ssd,1452604.654,1,2,,
1,60,ssd,438738.5261,1,4,,
1,60,ssd,674509.9061,1,2,,
1,60,ssd,961004.5907,1,2,,
1,60,ssd,625366.9605,1,5,,
1,60,ssd,573555.2052,1,4,,
1,60,ssd,523360.7704,1,3,,
1,60,ssn,377403.8775,1,4,1,4
1,60,ssn,1139214.115,1,2,1,4
1,60,ssn,758980.9667,1,3,2,4
1,60,ssn,747233.34,1,1,0,0
1,60,ssn,880432.865,1,2,1,2
1,60,ssn,1441336.09,1,4,1,2
1,60,ssn,584460.7275,1,8,1,2
1,60,ssn,1624482.555,1,2,9,1
1,60,ssn,705697.6133,1,3,9,4
1,60,ssn,1313167.323,1,3,6,2
1,60,ssn,521641.6825,1,4,1,4
1,60,ssn,1267621.68,1,4,1,2
1,60,ssn,578842.4533,1,6,1,2
1,60,ssn,1030009.6,1,1,0,0
1,60,ssn,562872.0425,1,4,9,4
1,60,ssn,694340.968,1,5,0,0
1,60,ssn,650522.03,1,4,1,1
1,60,ssn,344232.1533,1,3,1,4
1,60,ssn,1492761.097,1,3,1,2
1,60,ssn,769089.6867,1,3,1,4
1,60,ssd,639092.5948,1,1,,
1,60,ssd,603493.3003,1,4,,
1,60,ssd,480640.4849,1,5,,
1,60,ssd,834871.6359,1,2,,
1,60,ssd,465585.8511,1,4,,
1,60,ssd,489146.2138,1,4,,
1,60,ssd,1071265.721,1,4,,
1,60,ssd,1226287.558,1,2,,
1,60,ssd,2019969.785,1,1,,
1,60,ssd,733299.9194,1,5,,
1,60,ssd,1374957.252,1,2,,
1,60,ssd,861624.1824,1,3,,
1,60,ssd,1994515.729,1,1,,
1,60,ssd,1889384.079,1,2,,
1,60,ssd,468198.9286,1,2,,
1,60,ssd,628742.6393,1,2,,
1,60,ssd,583723.7497,1,5,,
1,60,ssd,1236836.547,1,4,,
1,60,ssd,641316.1255,1,4,,
1,60,ssd,636552.4932,1,3,,
1,60,ssd,590986.9162,1,5,,
1,60,ssd,748904.4653,1,3,,
1,60,ssd,1222744.687,1,2,,
1,60,ssd,781350.433,1,4,,
1,60,ssd,835324.6821,1,3,,
1,60,ssd,586266.1229,1,6,,
1,60,ssd,2148058.995,1,1,,
1,60,ssd,1864100.621,1,2,,
1,60,ssd,770665.9057,1,3,,
1,60,ssd,912357.9111,1,3,,
1,60,ssd,1308006.696,1,3,,
1,60,ssd,663015.7699,1,5,,
1,60,ssd,1774021.901,1,2,,
1,60,ssd,715644.3376,1,3,,
1,60,ssd,848750.8104,1,5,,
1,60,ssd,568073.142,1,4,,
1,60,ssd,502241.18,1,5,,
1,60,ssd,510707.669,1,5,,
1,60,ssd,783650.7381,1,2,,
1,60,ssd,1052877.491,1,4,,
1,60,ssd,2196794.767,1,2,,
1,60,ssd,1434128.279,1,3,,
1,60,ssd,1042905.709,1,4,,
1,60,ssd,1478875.715,1,3,,
1,60,ssd,798075.2761,1,4,,
1,60,ssd,456335.1539,1,5,,
1,60,ssd,1193520.285,1,2,,
1,60,ssd,713437.8643,1,3,,
1,60,ssd,684151.8554,1,4,,
1,60,ssd,1266396.472,1,4,,
1,60,ssd,1380463.956,1,3,,
1,60,ssd,928601.2728,1,4,,
1,60,ssd,674171.5414,1,4,,
1,60,ssd,630454.3609,1,4,,
1,60,ssd,602901.8745,1,4,,
1,60,ssd,739401.843,1,4,,
1,60,ssd,1220993.157,1,4,,
1,60,ssd,1187196.575,1,2,,
1,60,ssd,757480.1401,1,4,,
1,60,ssd,1079352.332,1,4,,
1,60,ssd,600436.0827,1,5,,
1,60,ssd,761182.239,1,4,,
1,60,ssd,576341.7297,1,4,,
1,60,ssd,603618.4081,1,3,,
1,60,ssd,758192.8833,1,3,,
1,60,ssd,668454.6146,1,5,,
1,60,ssd,376240.1575,1,5,,
1,60,ssd,937212.9654,1,3,,
1,60,ssd,2036870.922,1,1,,
1,60,ssd,789591.5352,1,3,,
1,60,ssd,566993.2206,1,5,,
1,60,ssd,654788.1255,1,4,,
1,60,ssd,618895.9639,1,4,,
1,60,ssd,567204.7686,1,5,,
1,60,ssd,513213.647,1,6,,
1,60,ssd,1007539.577,1,2,,
1,60,ssd,753618.8119,1,6,,
1,60,ssd,586000.7398,1,4,,
1,60,ssd,543927.6083,1,5,,
1,60,ssd,694931.1612,1,2,,
1,61,ssn,427627.612,1,5,1,2
1,61,ssn,515372.0375,1,4,1,1
1,61,ssn,608947.61,1,4,1,4
1,61,ssn,513249.2217,1,6,1,2
1,61,ssn,598921.435,1,2,1,4
1,61,ssn,740987.505,1,2,0,0
1,61,ssn,803008.288,1,5,1,2
1,61,ssn,1001130.148,1,4,7,3
1,61,ssn,551980.1733,1,3,1,4
1,61,ssn,912231.835,1,2,1,1
1,61,ssd,1060494.944,1,2,,
1,61,ssd,651175.1182,1,3,,
1,61,ssd,856430.2475,1,1,,
1,61,ssd,520221.6653,1,4,,
1,61,ssd,871045.2932,1,4,,
1,61,ssd,723282.6417,1,4,,
1,61,ssd,465619.9725,1,4,,
1,61,ssd,844370.4685,1,3,,
1,61,ssd,751285.3336,1,3,,
1,61,ssd,437433.4073,1,4,,
1,61,ssd,1470967.289,1,2,,
1,61,ssd,429821.0732,1,5,,
1,61,ssd,1014883.115,1,3,,
1,61,ssd,656539.6553,1,4,,
1,61,ssd,764357.3636,1,3,,
1,61,ssd,492990.4804,1,4,,
1,61,ssd,582540.3306,1,4,,
1,61,ssd,1052692.668,1,1,,
1,61,ssd,698166.9437,1,2,,
1,61,ssd,571425.5024,1,2,,
1,61,ssn,534148.2325,1,4,1,2
1,61,ssn,408042.362,1,5,1,2
1,61,ssn,557615.8867,1,3,1,4
1,61,ssn,554429.068,1,5,9,4
1,61,ssn,434556.206,1,5,1,4
1,61,ssn,748882.76,1,4,1,2
1,61,ssn,521253.59,1,4,2,2
1,61,ssn,612190.48,1,3,1,4
1,61,ssn,691898.43,1,3,1,2
1,61,ssn,485892.856,1,5,1,2
1,61,ssd,565137.8115,1,3,,
1,61,ssd,543133.7331,1,2,,
1,61,ssd,719134.1318,1,2,,
1,61,ssd,789492.9654,1,3,,
1,61,ssd,816429.3843,1,2,,
1,61,ssd,612906.8293,1,3,,
1,61,ssd,639399.6779,1,2,,
1,61,ssd,824845.8315,1,1,,
1,61,ssd,706318.0069,1,3,,
1,61,ssd,690853.7332,1,3,,
1,61,ssd,457942.8082,1,4,,
1,61,ssd,1857492.575,1,2,,
1,61,ssd,597183.8084,1,4,,
1,61,ssd,504588.6857,1,4,,
1,61,ssd,619558.4748,1,4,,
1,61,ssd,915658.1451,1,2,,
1,61,ssd,878216.3327,1,4,,
1,61,ssd,622547.8305,1,3,,
1,61,ssd,825721.5952,1,2,,
1,61,ssd,826005.9355,1,2,,
1,61,ssd,656098.9312,1,4,,
1,61,ssd,495916.3328,1,4,,
1,61,ssd,576213.778,1,4,,
1,61,ssd,665553.2152,1,2,,
1,61,ssd,762787.8106,1,3,,
1,61,ssd,605432.4931,1,4,,
1,61,ssd,797168.2332,1,2,,
1,61,ssd,694629.7626,1,3,,
1,61,ssd,783904.7482,1,3,,
1,61,ssd,704621.4456,1,2,,
1,61,ssd,418106.858,1,4,,
1,61,ssd,607872.1261,1,4,,
1,61,ssd,452571.636,1,4,,
1,61,ssd,866363.1715,1,3,,
1,61,ssd,597957.2103,1,4,,
1,61,ssd,866211.5224,1,2,,
1,61,ssd,1004190.058,1,3,,
1,61,ssd,454983.9728,1,5,,
1,61,ssd,878411.5782,1,3,,
1,61,ssd,746570.038,1,4,,
1,61,ssd,732989.0419,1,3,,
1,61,ssd,467495.6652,1,3,,
1,61,ssd,536620.4658,1,3,,
1,61,ssd,599034.8562,1,3,,
1,61,ssd,531154.515,1,4,,
1,61,ssd,534859.4561,1,2,,
1,61,ssd,666156.0148,1,4,,
1,61,ssd,625796.8816,1,4,,
1,61,ssd,704837.5431,1,2,,
1,61,ssd,650776.0964,1,4,,
1,61,ssd,808718.0986,1,4,,
1,61,ssd,673577.2723,1,5,,
1,61,ssd,741208.3447,1,3,,
1,61,ssd,910378.9107,1,3,,
1,61,ssd,573953.2788,1,4,,
1,61,ssd,670131.0802,1,4,,
1,61,ssd,526634.4672,1,3,,
1,61,ssd,705602.4182,1,4,,
1,61,ssd,858079.4187,1,3,,
1,61,ssd,489766.6411,1,5,,
1,61,ssd,798766.2215,1,2,,
1,61,ssd,704839.4411,1,3,,
1,61,ssd,554461.8142,1,4,,
1,61,ssd,803315.6504,1,3,,
1,61,ssd,600744.6845,1,3,,
1,61,ssd,762700.613,1,2,,
1,61,ssd,635748.7604,1,3,,
1,61,ssd,719128.4425,1,2,,
1,61,ssd,661998.9726,1,3,,
1,61,ssd,572241.5573,1,4,,
1,61,ssn,791519.27,1,1,0,0
1,61,ssn,456438.1,1,1,0,0
1,61,ssn,822692.6333,1,3,1,2
1,61,ssn,465108.3425,1,4,1,2
1,61,ssn,614412.86,1,5,1,2
1,61,ssn,798477.0233,1,3,1,4
1,61,ssn,660273.81,1,1,0,0
1,61,ssn,769976.99,1,3,1,1
1,61,ssn,624119.8283,1,6,1,4
1,61,ssn,404140.0633,1,3,1,4
1,70,ssd,646354.6176,1,2,,
1,70,ssd,689359.2463,1,5,,
1,70,ssd,669221.1927,1,3,,
1,70,ssd,662408.4199,1,3,,
1,70,ssd,553225.8872,1,3,,
1,70,ssd,558698.4722,1,4,,
1,70,ssd,454933.5488,1,6,,
1,70,ssd,621673.9592,1,4,,
1,70,ssd,1269412.365,1,3,,
1,70,ssd,568920.4736,1,4,,
1,70,ssd,542276.9241,1,6,,
1,70,ssd,741056.6955,1,2,,
1,70,ssd,451663.6464,1,3,,
1,70,ssd,590572.9187,1,3,,
1,70,ssd,723427.6542,1,4,,
1,70,ssd,743797.7296,1,2,,
1,70,ssd,615515.1674,1,3,,
1,70,ssd,654893.332,1,4,,
1,70,ssd,1281529.014,1,3,,
1,70,ssd,699117.7745,1,5,,
1,70,ssd,666491.5341,1,3,,
1,70,ssd,690194.0653,1,3,,
1,70,ssd,769342.7803,1,2,,
1,70,ssd,702295.553,1,2,,
1,70,ssd,550318.0405,1,3,,
1,70,ssd,642398.5102,1,3,,
1,70,ssd,640846.3961,1,5,,
1,70,ssd,504455.0447,1,4,,
1,70,ssd,560302.145,1,4,,
1,70,ssd,651410.1752,1,2,,
1,70,ssn,531101.6033,1,3,1,2
1,70,ssn,545610.095,1,4,1,2
1,70,ssn,529072.0375,1,4,1,2
1,70,ssn,595317.28,1,4,1,4
1,70,ssn,1213860.293,1,3,1,2
1,70,ssn,525224.6167,1,6,1,1
1,70,ssn,820423.45,1,3,1,1
1,70,ssn,627612.485,1,4,1,2
1,70,ssn,324175.474,1,5,1,1
1,70,ssn,622302.3633,1,3,1,1
1,70,ssd,532124.1114,1,5,,
1,70,ssd,551430.7577,1,4,,
1,70,ssd,611832.9731,1,4,,
1,70,ssd,590591.8734,1,3,,
1,70,ssd,669751.9606,1,3,,
1,70,ssd,619638.089,1,4,,
1,70,ssd,772848.6847,1,4,,
1,70,ssd,630600.3207,1,3,,
1,70,ssd,1763279.556,1,2,,
1,70,ssd,490897.7436,1,4,,
1,70,ssn,290830.945,1,2,0,0
1,70,ssn,884999.794,1,5,1,2
1,70,ssn,496258.3375,1,4,1,1
1,70,ssn,440897.63,1,4,1,1
1,70,ssn,677996.8267,1,3,1,1
1,70,ssn,589643.47,1,4,1,2
1,70,ssn,606764.28,1,2,1,2
1,70,ssn,1243380.232,1,5,1,2
1,70,ssn,350547.0175,1,4,1,2
1,70,ssn,344058.342,1,5,1,4
1,70,ssd,683051.4603,1,3,,
1,70,ssd,516276.9308,1,3,,
1,70,ssd,758674.3663,1,3,,
1,70,ssd,572604.9433,1,5,,
1,70,ssd,667177.7392,1,3,,
1,70,ssd,511500.029,1,3,,
1,70,ssd,1011759.172,1,2,,
1,70,ssd,437916.7849,1,5,,
1,70,ssd,675252.9802,1,3,,
1,70,ssd,721744.3647,1,3,,
1,70,ssn,756908.3525,1,4,1,1
1,70,ssn,702407.93,1,3,1,4
1,70,ssn,572768.562,1,5,6,1
1,70,ssn,966924.065,1,2,1,2
1,70,ssn,525910.7325,1,4,1,2
1,70,ssn,591180.97,1,4,5,4
1,70,ssn,508519.625,1,4,1,2
1,70,ssn,1318669.03,1,3,9,4
1,70,ssn,802348.9333,1,3,1,2
1,70,ssn,490801.19,1,4,1,1
1,70,ssd,560361.6676,1,3,,
1,70,ssd,2291474.102,1,2,,
1,70,ssd,376218.9284,1,3,,
1,70,ssd,537173.9749,1,1,,
1,70,ssd,511671.5795,1,4,,
1,70,ssd,558503.2235,1,3,,
1,70,ssd,737072.1544,1,6,,
1,70,ssd,808928.5092,1,4,,
1,70,ssd,652376.9294,1,2,,
1,70,ssd,601298.2001,1,3,,
1,70,ssd,615372.9988,1,4,,
1,70,ssd,764433.1858,1,3,,
1,70,ssd,653923.7332,1,4,,
1,70,ssd,535411.076,1,4,,
1,70,ssd,620519.5421,1,4,,
1,70,ssd,631612.5685,1,3,,
1,70,ssd,929090.3368,1,4,,
1,70,ssd,812619.2367,1,3,,
1,70,ssd,666804.3097,1,2,,
1,70,ssd,473521.7634,1,4,,
1,70,ssd,490944.1863,1,3,,
1,70,ssd,628268.7372,1,3,,
1,70,ssd,518037.9404,1,2,,
1,70,ssd,648623.6476,1,3,,
1,70,ssd,637716.3885,1,1,,
1,70,ssd,461977.5849,1,4,,
1,70,ssd,473609.3402,1,5,,
1,70,ssd,651330.5586,1,2,,
1,70,ssd,437072.2974,1,4,,
1,70,ssd,627673.5209,1,2,,
1,71,ssd,632421.9882,1,4,,
1,71,ssd,718355.0383,1,2,,
1,71,ssd,593069.4151,1,2,,
1,71,ssd,528279.8424,1,4,,
1,71,ssd,407890.5445,1,5,,
1,71,ssd,780166.6315,1,3,,
1,71,ssd,644642.8961,1,6,,
1,71,ssd,718246.9919,1,4,,
1,71,ssd,476957.721,1,5,,
1,71,ssd,461124.5663,1,4,,
1,71,ssd,501543.4108,1,4,,
1,71,ssd,616789.0079,1,3,,
1,71,ssd,1131431.936,1,1,,
1,71,ssd,689977.9678,1,2,,
1,71,ssd,717661.2506,1,2,,
1,71,ssd,542166.9806,1,3,,
1,71,ssd,698695.8136,1,2,,
1,71,ssd,916039.1604,1,1,,
1,71,ssd,567685.4924,1,3,,
1,71,ssd,621175.417,1,3,,
1,71,ssd,539892.2645,1,3,,
1,71,ssd,660038.927,1,3,,
1,71,ssd,871983.6152,1,2,,
1,71,ssd,756968.3309,1,2,,
1,71,ssd,547470.8574,1,3,,
1,71,ssd,663773.2508,1,2,,
1,71,ssd,583831.231,1,4,,
1,71,ssd,686850.2341,1,3,,
1,71,ssd,502510.165,1,4,,
1,71,ssd,598314.5313,1,3,,
1,71,ssn,205344.05,1,4,1,4
1,71,ssn,2548941.765,1,2,0,0
1,71,ssn,303368.812,1,5,0,0
1,71,ssn,378708.64,1,4,5,4
1,71,ssn,639907.16,1,1,0,0
1,71,ssn,1825466.03,1,2,1,1
1,71,ssn,664760.3167,1,3,7,1
1,71,ssn,571073.7967,1,3,1,2
1,71,ssn,587021.4467,1,3,1,4
1,71,ssn,511989.1014,1,7,1,4
1,71,ssd,528382.205,1,3,,
1,71,ssd,776530.8806,1,3,,
1,71,ssd,425697.7745,1,3,,
1,71,ssd,473974.8095,1,3,,
1,71,ssd,616089.5357,1,3,,
1,71,ssd,762200.1752,1,2,,
1,71,ssd,552035.4514,1,3,,
1,71,ssd,508489.8214,1,4,,
1,71,ssd,600610.0985,1,4,,
1,71,ssd,575309.5774,1,3,,
1,71,ssn,343341.0825,1,4,1,2
1,71,ssn,303071.4317,1,6,1,2
1,71,ssn,481430.9533,1,3,2,4
1,71,ssn,438550.6125,1,4,2,4
1,71,ssn,352841.3725,1,4,1,2
1,71,ssn,431210.468,1,5,1,2
1,71,ssn,501276.18,1,2,1,2
1,71,ssn,428141.065,1,4,1,2
1,71,ssn,659988.095,1,2,1,2
1,71,ssn,582243.6667,1,3,2,4
1,71,ssd,545303.2419,1,4,,
1,71,ssd,587767.4347,1,3,,
1,71,ssd,810788.0878,1,2,,
1,71,ssd,762196.3824,1,3,,
1,71,ssd,543626.5884,1,3,,
1,71,ssd,644739.571,1,4,,
1,71,ssd,584510.8026,1,4,,
1,71,ssd,630528.2882,1,3,,
1,71,ssd,561001.6196,1,4,,
1,71,ssd,742216.7996,1,2,,
1,71,ssd,1752118.29,1,3,,
1,71,ssd,694045.1596,1,5,,
1,71,ssd,1427611.22,1,4,,
1,71,ssd,496356.4918,1,5,,
1,71,ssd,675512.4051,1,7,,
1,71,ssd,1989844.029,1,4,,
1,71,ssd,967026.8977,1,4,,
1,71,ssd,1023769.669,1,5,,
1,71,ssd,1252799.363,1,2,,
1,71,ssd,1491170.553,1,3,,
1,71,ssd,540693.2891,1,7,,
1,71,ssd,986720.2437,1,2,,
1,71,ssd,825606.7212,1,5,,
1,71,ssd,521938.2623,1,7,,
1,71,ssd,688648.1142,1,4,,
1,71,ssd,482825.3481,1,5,,
1,71,ssd,1353660.231,1,4,,
1,71,ssd,609665.3607,1,3,,
1,71,ssd,691806.8391,1,5,,
1,71,ssd,557708.9705,1,4,,
1,71,ssn,661089.88,1,2,0,0
1,71,ssn,675984.525,1,2,0,0
1,71,ssn,674959.525,1,4,1,2
1,71,ssn,415765.4725,1,4,1,1
1,71,ssn,436648.4267,1,3,1,1
1,71,ssn,698107.155,1,4,2,4
1,71,ssd,917733.8212,1,4,,
1,71,ssd,739191.431,1,5,,
1,71,ssd,1359836.084,1,2,,
1,71,ssd,846896.3493,1,4,,
1,71,ssd,661780.6006,1,5,,
1,71,ssd,787716.7915,1,4,,
1,71,ssd,967409.8093,1,3,,
1,71,ssd,958636.0428,1,4,,
1,71,ssd,1657311.958,1,1,,
1,71,ssd,1076323.17,1,3,,
1,71,ssn,277450.5825,1,4,1,4
1,71,ssn,340071.2614,1,7,1,1
1,71,ssn,425261.315,1,4,1,2
1,71,ssn,370793.46,1,4,1,4
1,71,ssn,615519.8467,1,3,1,2
1,71,ssn,349530.9475,1,4,1,4
1,71,ssn,336982.4375,1,4,1,2
1,71,ssn,427836.1067,1,3,1,4
1,71,ssn,357877.3883,1,6,1,2
1,71,ssn,520061.924,1,5,1,2
1,72,ssn,773328.2357,1,7,1,1
1,72,ssn,641792.87,1,3,1,2
1,72,ssn,358371.4367,1,3,1,1
1,72,ssn,576101.418,1,5,1,1
1,72,ssn,545714.8575,1,4,1,2
1,72,ssn,469537.2967,1,3,1,2
1,72,ssn,647939.54,1,5,1,2
1,72,ssn,521001.6067,1,3,1,1
1,72,ssn,339853.8725,1,4,1,2
1,72,ssn,837620.4,1,3,1,2
1,72,ssd,486695.207,1,4,,
1,72,ssd,1997313.627,1,2,,
1,72,ssd,430173.6544,1,5,,
1,72,ssd,479955.7944,1,5,,
1,72,ssd,1320005.818,1,1,,
1,72,ssd,428735.4645,1,4,,
1,72,ssd,469111.6584,1,4,,
1,72,ssd,399594.3338,1,7,,
1,72,ssd,723984.961,1,4,,
1,72,ssd,694425.0365,1,4,,
1,72,ssd,739699.452,1,3,,
1,72,ssd,549063.158,1,3,,
1,72,ssd,491190.6131,1,4,,
1,72,ssd,505009.5069,1,4,,
1,72,ssd,810540.1456,1,5,,
1,72,ssd,1165905.245,1,2,,
1,72,ssd,1032214.549,1,2,,
1,72,ssd,553267.5911,1,2,,
1,72,ssd,494477.5753,1,4,,
1,72,ssd,745537.8864,1,3,,
1,72,ssn,630969.06,1,2,1,4
1,72,ssn,763586.315,1,4,1,1
1,72,ssn,429773.0067,1,3,1,2
1,72,ssn,342876.49,1,4,6,1
1,72,ssn,361590.465,1,2,0,0
1,72,ssn,663653.1733,1,3,1,4
1,72,ssn,315779.7767,1,6,1,1
1,72,ssn,356457.3483,1,6,1,4
1,72,ssn,1212144.187,1,3,6,1
1,72,ssn,431977.136,1,5,1,1
1,72,ssd,753266.232,1,2,,
1,72,ssd,709419.2002,1,3,,
1,72,ssd,733891.3445,1,3,,
1,72,ssd,488639.1401,1,3,,
1,72,ssd,1070310.34,1,2,,
1,72,ssd,765066.3163,1,2,,
1,72,ssd,643638.2308,1,3,,
1,72,ssd,1032703.613,1,2,,
1,72,ssd,931018.1582,1,2,,
1,72,ssd,795293.4872,1,3,,
1,72,ssd,1092932.381,1,2,,
1,72,ssd,558345.8915,1,4,,
1,72,ssd,657601.1912,1,3,,
1,72,ssd,770218.5488,1,1,,
1,72,ssd,716597.8215,1,2,,
1,72,ssd,548325.7716,1,4,,
1,72,ssd,520784.659,1,2,,
1,72,ssd,343317.0683,1,2,,
1,72,ssd,551455.3986,1,3,,
1,72,ssd,609301.4054,1,3,,
1,72,ssd,1374200.909,1,3,,
1,72,ssd,671931.8965,1,3,,
1,72,ssd,652843.2434,1,4,,
1,72,ssd,932674.9087,1,3,,
1,72,ssd,722866.5577,1,3,,
1,72,ssd,658919.5771,1,4,,
1,72,ssd,1931517.49,1,4,,
1,72,ssd,531026.5609,1,4,,
1,72,ssd,521597.8676,1,6,,
1,72,ssd,653491.5366,1,3,,
1,72,ssd,758128.4349,1,6,,
1,72,ssd,857677.5507,1,3,,
1,72,ssd,921529.7504,1,2,,
1,72,ssd,1215164.198,1,2,,
1,72,ssd,651705.8861,1,3,,
1,72,ssd,875314.9338,1,5,,
1,72,ssd,818942.9423,1,2,,
1,72,ssd,667728.4109,1,4,,
1,72,ssd,533974.215,1,3,,
1,72,ssd,898398.7436,1,3,,
1,72,ssn,356671.04,1,3,1,2
1,72,ssn,1350029.823,1,3,9,4
1,72,ssn,574569.83,1,3,1,2
1,72,ssn,662784.1267,1,3,1,2
1,72,ssn,312533.82,1,5,9,4
1,72,ssn,443779.4775,1,4,6,2
1,72,ssn,530311.33,1,4,1,2
1,72,ssn,722222.382,1,5,1,2
1,72,ssn,463492.8667,1,3,1,2
1,72,ssn,535100.01,1,4,6,1
1,72,ssd,805675.666,1,2,,
1,72,ssd,647534.627,1,4,,
1,72,ssd,880661.6503,1,2,,
1,72,ssd,581965.9631,1,4,,
1,72,ssd,606566.4393,1,5,,
1,72,ssd,695684.6601,1,4,,
1,72,ssd,558900.3513,1,4,,
1,72,ssd,743752.2343,1,2,,
1,72,ssd,629019.8692,1,4,,
1,72,ssd,653764.5047,1,3,,
1,72,ssd,842127.979,1,2,,
1,72,ssd,638117.3067,1,4,,
1,72,ssd,526410.0273,1,5,,
1,72,ssd,515980.4591,1,5,,
1,72,ssd,473083.881,1,5,,
1,72,ssd,501847.6541,1,4,,
1,72,ssd,713976.2148,1,3,,
1,72,ssd,697010.6309,1,3,,
1,72,ssd,788822.8712,1,2,,
1,72,ssd,591736.814,1,3,,
1,80,ssn,793696.08,1,3,1,1
1,80,ssn,521383.3475,1,4,1,1
1,80,ssn,545615.06,1,3,1,4
1,80,ssn,692432.755,1,4,1,1
1,80,ssn,718565.8667,1,3,1,2
1,80,ssn,701251.5833,1,3,1,4
1,80,ssn,525150.0175,1,4,1,1
1,80,ssn,713989.875,1,4,1,1
1,80,ssn,648438.1067,1,3,1,2
1,80,ssd,486575.7844,1,4,,
1,80,ssd,503056.0956,1,4,,
1,80,ssd,497291.3983,1,5,,
1,80,ssd,747533.9499,1,2,,
1,80,ssd,604179.5062,1,3,,
1,80,ssd,471716.2092,1,4,,
1,80,ssd,702159.0674,1,2,,
1,80,ssd,646709.0972,1,3,,
1,80,ssd,500181.4254,1,4,,
1,80,ssd,519308.9355,1,4,,
1,80,ssn,740262.386,1,5,1,2
1,80,ssn,1061461.997,1,3,1,1
1,80,ssn,694781.3617,1,6,1,1
1,80,ssn,735245.2433,1,3,1,2
1,80,ssn,1059064.21,1,3,1,2
1,80,ssd,432393.7769,1,5,,
1,80,ssd,429559.4805,1,5,,
1,80,ssd,478327.0973,1,2,,
1,80,ssd,542269.3432,1,2,,
1,80,ssd,510744.6337,1,4,,
1,80,ssd,426302.0883,1,5,,
1,80,ssd,445756.0218,1,4,,
1,80,ssd,494841.5299,1,2,,
1,80,ssd,433105.7626,1,5,,
1,80,ssd,588722.815,1,3,,
1,80,ssn,389698.5225,1,4,6,1
1,80,ssn,821852.9833,1,3,1,1
1,80,ssn,1287944.838,1,5,1,1
1,80,ssn,662691.27,1,3,1,2
1,80,ssn,515780.492,1,5,1,1
1,80,ssn,677119.05,1,5,1,2
1,80,ssn,1046327.71,1,3,1,1
1,80,ssn,484222.025,1,4,1,4
1,80,ssn,528006.56,1,4,1,4
1,80,ssn,342141.67,1,6,1,4
1,80,ssd,631438.1734,1,3,,
1,80,ssd,516223.8523,1,4,,
1,80,ssd,494466.1991,1,1,,
1,80,ssd,415010.4039,1,5,,
1,80,ssd,431765.9544,1,5,,
1,80,ssd,414066.3968,1,4,,
1,80,ssd,395875.4996,1,5,,
1,80,ssd,1214635.328,1,2,,
1,80,ssd,478695.928,1,7,,
1,80,ssd,468731.593,1,3,,
1,80,ssd,676090.8313,1,2,,
1,80,ssd,866632.3467,1,3,,
1,80,ssd,551685.037,1,7,,
1,80,ssd,599080.3521,1,5,,
1,80,ssd,654424.1709,1,2,,
1,80,ssd,436175.206,1,8,,
1,80,ssd,528603.9886,1,2,,
1,80,ssd,509663.574,1,5,,
1,80,ssd,818855.7463,1,3,,
1,80,ssd,730903.886,1,3,,
1,80,ssn,686969.974,1,5,1,4
1,80,ssn,989383.67,1,2,1,4
1,80,ssn,1474842.87,1,1,1,6
1,80,ssn,841898.29,1,5,1,4
1,80,ssn,1516291.825,1,2,1,4
1,80,ssn,1025221.487,1,3,1,4
1,80,ssn,1653586.335,1,4,1,4
1,80,ssn,576860.466,1,5,1,4
1,80,ssn,881710.66,1,6,1,4
1,80,ssn,522151.926,1,5,1,4
1,80,ssd,657165.2026,1,4,,
1,80,ssd,468436.6377,1,5,,
1,80,ssd,542906.2618,1,4,,
1,80,ssd,629019.3955,1,3,,
1,80,ssd,413750.2113,1,5,,
1,80,ssd,471746.3485,1,5,,
1,80,ssd,568496.8078,1,5,,
1,80,ssd,667191.0094,1,2,,
1,80,ssd,467088.111,1,6,,
1,80,ssd,619188.8342,1,3,,
1,80,ssd,394011.9385,1,4,,
1,80,ssd,533124.987,1,3,,
1,80,ssd,417506.9007,1,2,,
1,80,ssd,690304.9587,1,4,,
1,80,ssd,690304.9587,1,4,,
1,80,ssd,584508.9062,1,6,,
1,80,ssd,574507.741,1,4,,
1,80,ssd,474226.9249,1,4,,
1,80,ssd,508804.4902,1,3,,
1,80,ssd,526410.0273,1,5,,
1,80,ssn,404305.9325,1,4,1,4
1,80,ssn,661192.0633,1,3,1,4
1,80,ssn,525385.7333,1,3,1,1
1,80,ssn,708852.3775,1,4,1,4
1,80,ssn,204292.2625,1,4,9,5
1,80,ssn,478308.7233,1,3,1,4
1,80,ssn,958530.2525,1,4,9,4
1,80,ssn,241253.7257,1,7,1,4
1,80,ssn,242365.244,1,5,1,4
1,80,ssn,529826.2033,1,3,1,4
1,80,ssn,1073167.55,1,3,6,1
1,80,ssn,458319.716,1,5,5,4
1,80,ssn,898327.58,1,4,1,1
1,80,ssn,962756.0167,1,3,1,4
1,80,ssn,749276.494,1,5,1,1
1,80,ssn,1721503.235,1,2,1,4
1,80,ssn,581728.5933,1,6,1,1
1,80,ssn,1497150.473,1,4,1,1
1,80,ssn,3507651.8,1,3,7,1
1,80,ssn,507719.8233,1,3,1,4
1,80,ssd,865011.6124,1,2,,
1,80,ssd,489875.8277,1,5,,
1,80,ssd,530054.1222,1,4,,
1,80,ssd,580886.4223,1,3,,
1,80,ssd,567166.0991,1,4,,
1,80,ssd,756655.5585,1,2,,
1,80,ssd,563532.2407,1,2,,
1,80,ssd,569506.2125,1,4,,
1,80,ssd,572306.9554,1,4,,
1,80,ssd,703455.6555,1,3,,
1,80,ssn,1060235.27,1,3,1,2
1,80,ssn,749362.7133,1,3,1,4
1,80,ssn,1150399.504,1,5,1,1
1,80,ssn,739148.815,1,2,1,4
1,80,ssn,662499.048,1,5,1,4
1,80,ssn,739683.34,1,3,1,4
1,80,ssn,1007560.993,1,3,1,4
1,80,ssn,930740.4733,1,3,2,4
1,80,ssn,517810.73,1,3,1,4
1,80,ssd,574604.4159,1,2,,
1,80,ssd,455085.1963,1,4,,
1,80,ssd,665069.8357,1,2,,
1,80,ssd,653556.9364,1,4,,
1,80,ssd,427146.0082,1,5,,
1,80,ssd,763041.82,1,4,,
1,80,ssd,428804.2753,1,5,,
1,80,ssd,588859.2975,1,3,,
1,80,ssd,510261.8255,1,5,,
1,80,ssd,696187.9402,1,2,,
1,90,ssd,423569.0183,1,6,,
1,90,ssd,422523.7863,1,5,,
1,90,ssd,423324.4887,1,2,,
1,90,ssd,488636.1071,1,5,,
1,90,ssd,387842.3883,1,5,,
1,90,ssd,529728.4569,1,6,,
1,90,ssd,630308.401,1,3,,
1,90,ssd,462249.413,1,5,,
1,90,ssd,564743.5268,1,4,,
1,90,ssd,641256.4143,1,4,,
1,90,ssn,932177.055,1,2,5,5
1,90,ssn,813069.3067,1,3,5,4
1,90,ssn,768312.7033,1,3,1,1
1,90,ssn,420504.75,1,4,1,2
1,90,ssn,362314.2767,1,3,1,2
1,90,ssn,289995.2275,1,4,1,2
1,90,ssn,551516.68,1,1,0,0
1,90,ssn,287973.8025,1,4,1,1
1,90,ssn,672297.62,1,3,1,4
1,90,ssn,1588032.003,1,4,9,4
1,90,ssn,537864.2933,1,3,1,4
1,90,ssn,709893.4425,1,4,1,1
1,90,ssn,500053.9533,1,3,1,2
1,90,ssn,286510.4125,1,4,1,2
1,90,ssn,935844.58,1,4,1,1
1,90,ssn,993560.8375,1,4,1,1
1,90,ssn,310757.15,1,2,1,2
1,90,ssn,336881.1067,1,3,3,3
1,90,ssd,643642.0205,1,4,,
1,90,ssd,790343.4036,1,3,,
1,90,ssd,610849.1582,1,4,,
1,90,ssd,560887.884,1,4,,
1,90,ssd,918794.9741,1,2,,
1,90,ssd,463626.7521,1,6,,
1,90,ssd,825196.8923,1,3,,
1,90,ssd,749544.7962,1,4,,
1,90,ssd,541598.3007,1,4,,
1,90,ssd,419425.2471,1,3,,
1,90,ssn,441709.9333,1,3,1,4
1,90,ssn,372400.605,1,4,1,2
1,90,ssn,238069.6275,1,4,1,2
1,90,ssn,985674.89,1,2,1,2
1,90,ssn,1121122.7,1,1,1,1
1,90,ssn,1372661.04,1,2,1,1
1,90,ssn,815153.5367,1,3,9,4
1,90,ssn,370905.246,1,5,1,4
1,90,ssn,453357.1567,1,3,1,2
1,90,ssn,611753.9567,1,3,1,1
1,90,ssn,445594.4633,1,3,1,1
1,90,ssn,215685.7,1,5,7,4
1,90,ssn,601033.05,1,2,5,4
1,90,ssn,843943.1867,1,3,1,1
1,90,ssn,842347.324,1,5,1,2
1,90,ssn,485772.22,1,3,1,2
1,90,ssn,520676.21,1,3,1,2
1,90,ssn,282180.934,1,5,5,4
1,90,ssn,333285.714,1,5,1,2
1,90,ssn,1582628.52,1,1,0,0
1,90,ssd,637866.5189,1,5,,
1,90,ssd,1119516.219,1,3,,
1,90,ssd,597542.076,1,4,,
1,90,ssd,654682.919,1,4,,
1,90,ssd,582209.5477,1,3,,
1,90,ssd,549283.9942,1,4,,
1,90,ssd,387199.7364,1,5,,
1,90,ssd,645921.2867,1,5,,
1,90,ssd,738579.5328,1,3,,
1,90,ssd,600936.1396,1,3,,
1,90,ssn,504179.7525,1,4,1,2
1,90,ssn,285339.996,1,5,9,5
1,90,ssn,551232.56,1,3,6,1
1,90,ssn,1457255.945,1,2,6,2
1,90,ssn,1062130.637,1,3,1,1
1,90,ssn,486339.522,1,5,1,2
1,90,ssn,420593.64,1,3,0,0
1,90,ssn,289816.06,1,4,1,2
1,90,ssn,282779.514,1,5,1,2
1,90,ssn,482179.3667,1,3,1,2
1,90,ssd,502263.9257,1,5,,
1,90,ssd,536779.8853,1,4,,
1,90,ssd,556431.7177,1,4,,
1,90,ssd,568398.2348,1,3,,
1,90,ssd,823482.8954,1,3,,
1,90,ssd,859766.1204,1,2,,
1,90,ssd,401643.6076,1,4,,
1,90,ssd,545175.2902,1,4,,
1,90,ssd,753172.8149,1,3,,
1,90,ssd,659400.1119,1,2,,
1,90,ssd,581781.1424,1,1,,
1,90,ssd,645337.4417,1,3,,
1,90,ssd,469118.6733,1,6,,
1,90,ssd,595752.159,1,4,,
1,90,ssd,448802.2441,1,6,,
1,90,ssd,517193.4511,1,4,,
1,90,ssd,740133.5418,1,3,,
1,90,ssd,761342.0383,1,2,,
1,90,ssd,523219.1687,1,2,,
1,90,ssd,602401.4367,1,4,,
1,90,ssn,732086.905,1,2,1,2
1,90,ssn,492670.245,1,4,1,1
1,90,ssn,2099637.17,1,2,1,1
1,90,ssn,2023893.677,1,6,0,0
1,90,ssn,455442.2625,1,4,1,2
1,90,ssn,339624.11,1,4,1,1
1,90,ssn,348841.66,1,4,1,4
1,90,ssn,637497.63,1,3,1,2
1,90,ssn,550219.46,1,3,1,1
1,90,ssn,319711.025,1,4,1,1
1,90,ssd,530669.9198,1,4,,
1,90,ssd,729663.2187,1,4,,
1,90,ssd,635322.2507,1,4,,
1,90,ssd,697804.8832,1,3,,
1,90,ssd,619677.8966,1,3,,
1,90,ssd,515487.0152,1,4,,
1,90,ssd,730593.0084,1,3,,
1,90,ssd,570654.9428,1,4,,
1,90,ssd,424223,1,6,,
1,90,ssd,525958.2132,1,4,,
1,90,ssd,559687.9716,1,4,,
1,90,ssd,617084.7223,1,5,,
1,90,ssd,463570.4523,1,4,,
1,90,ssd,566057.1748,1,4,,
1,90,ssd,639437.589,1,3,,
1,90,ssd,449689.5711,1,2,,
1,90,ssd,667731.2547,1,3,,
1,90,ssd,683927.2264,1,4,,
1,90,ssd,718264.051,1,3,,
1,90,ssd,562874.4708,1,3,,
1,90,ssd,463358.3364,1,4,,
1,90,ssd,734035.7884,1,3,,
1,90,ssd,462031.7502,1,4,,
1,90,ssd,563814.6861,1,3,,
1,90,ssd,654981.4777,1,3,,
1,90,ssd,450001.2082,1,6,,
1,90,ssd,647524.9602,1,3,,
1,90,ssd,617437.3035,1,4,,
1,90,ssd,626335.6111,1,3,,
1,90,ssd,664059.8649,1,2,,
1,90,ssn,402738.556,1,5,1,1
1,90,ssn,312181.2625,1,4,1,2
1,90,ssn,554738.91,1,3,5,4
1,90,ssn,347985.41,1,4,1,2
1,90,ssn,273250.5775,1,4,6,2
1,90,ssn,1451136.13,1,3,6,1
1,90,ssn,426869.85,1,3,1,1
1,90,ssn,453294.46,1,3,6,1
1,90,ssn,1738156.15,1,4,6,3
